audio_path,transcript,speaker_id,speaker_embedding_path,mel_path
data/preprocessed_data_test/p225/p225_349_mic1.flac,How do you take them away?,p225,data/train/speaker_embeddings/p225/p225_349_mic1_em.pt,data/train/mel_spectrograms/p225/p225_349_mic1_mel.pt
data/preprocessed_data_test/p225/p225_334_mic1.flac,Plans to celebrate the Queen's Golden Jubilee will proceed.,p225,data/train/speaker_embeddings/p225/p225_334_mic1_em.pt,data/train/mel_spectrograms/p225/p225_334_mic1_mel.pt
data/preprocessed_data_test/p225/p225_151_mic1.flac,Nothing has been put into action.,p225,data/train/speaker_embeddings/p225/p225_151_mic1_em.pt,data/train/mel_spectrograms/p225/p225_151_mic1_mel.pt
data/preprocessed_data_test/p226/p226_285_mic1.flac,It was a virus.,p226,data/train/speaker_embeddings/p226/p226_285_mic1_em.pt,data/train/mel_spectrograms/p226/p226_285_mic1_mel.pt
data/preprocessed_data_test/p226/p226_295_mic1.flac,He should have won.,p226,data/train/speaker_embeddings/p226/p226_295_mic1_em.pt,data/train/mel_spectrograms/p226/p226_295_mic1_mel.pt
data/preprocessed_data_test/p226/p226_305_mic1.flac,A police inquiry began about two weeks before the General Election.,p226,data/train/speaker_embeddings/p226/p226_305_mic1_em.pt,data/train/mel_spectrograms/p226/p226_305_mic1_mel.pt
data/preprocessed_data_test/p227/p227_063_mic1.flac,We will pay their bills.,p227,data/train/speaker_embeddings/p227/p227_063_mic1_em.pt,data/train/mel_spectrograms/p227/p227_063_mic1_mel.pt
data/preprocessed_data_test/p227/p227_002_mic1.flac,Ask her to bring these things with her from the store.,p227,data/train/speaker_embeddings/p227/p227_002_mic1_em.pt,data/train/mel_spectrograms/p227/p227_002_mic1_mel.pt
data/preprocessed_data_test/p227/p227_158_mic1.flac,It is difficult to say.,p227,data/train/speaker_embeddings/p227/p227_158_mic1_em.pt,data/train/mel_spectrograms/p227/p227_158_mic1_mel.pt
data/preprocessed_data_test/p228/p228_033_mic1.flac,"However, they continued in their pursuit of victory.",p228,data/train/speaker_embeddings/p228/p228_033_mic1_em.pt,data/train/mel_spectrograms/p228/p228_033_mic1_mel.pt
data/preprocessed_data_test/p228/p228_161_mic1.flac,We also enjoyed a lot of support.,p228,data/train/speaker_embeddings/p228/p228_161_mic1_em.pt,data/train/mel_spectrograms/p228/p228_161_mic1_mel.pt
data/preprocessed_data_test/p228/p228_363_mic1.flac,I decided to tell a bit of the story about myself.,p228,data/train/speaker_embeddings/p228/p228_363_mic1_em.pt,data/train/mel_spectrograms/p228/p228_363_mic1_mel.pt
data/preprocessed_data_test/p229/p229_178_mic1.flac,Customers for the panels include the National Trust for Scotland.,p229,data/train/speaker_embeddings/p229/p229_178_mic1_em.pt,data/train/mel_spectrograms/p229/p229_178_mic1_mel.pt
data/preprocessed_data_test/p229/p229_241_mic1.flac,We were a load of rubbish.,p229,data/train/speaker_embeddings/p229/p229_241_mic1_em.pt,data/train/mel_spectrograms/p229/p229_241_mic1_mel.pt
data/preprocessed_data_test/p229/p229_249_mic1.flac,The letters are going out today.,p229,data/train/speaker_embeddings/p229/p229_249_mic1_em.pt,data/train/mel_spectrograms/p229/p229_249_mic1_mel.pt
data/preprocessed_data_test/p230/p230_302_mic1.flac,He is at war with his knee.,p230,data/train/speaker_embeddings/p230/p230_302_mic1_em.pt,data/train/mel_spectrograms/p230/p230_302_mic1_mel.pt
data/preprocessed_data_test/p230/p230_314_mic1.flac,I can hardly believe it.,p230,data/train/speaker_embeddings/p230/p230_314_mic1_em.pt,data/train/mel_spectrograms/p230/p230_314_mic1_mel.pt
data/preprocessed_data_test/p230/p230_046_mic1.flac,"If not, he should go home.",p230,data/train/speaker_embeddings/p230/p230_046_mic1_em.pt,data/train/mel_spectrograms/p230/p230_046_mic1_mel.pt
data/preprocessed_data_test/p231/p231_036_mic1.flac,But he can turn on the charm.,p231,data/train/speaker_embeddings/p231/p231_036_mic1_em.pt,data/train/mel_spectrograms/p231/p231_036_mic1_mel.pt
data/preprocessed_data_test/p231/p231_395_mic1.flac,A review is under way.,p231,data/train/speaker_embeddings/p231/p231_395_mic1_em.pt,data/train/mel_spectrograms/p231/p231_395_mic1_mel.pt
data/preprocessed_data_test/p231/p231_228_mic1.flac,We played them off the pitch.,p231,data/train/speaker_embeddings/p231/p231_228_mic1_em.pt,data/train/mel_spectrograms/p231/p231_228_mic1_mel.pt
data/preprocessed_data_test/p232/p232_093_mic1.flac,"However, it did not end that way.",p232,data/train/speaker_embeddings/p232/p232_093_mic1_em.pt,data/train/mel_spectrograms/p232/p232_093_mic1_mel.pt
data/preprocessed_data_test/p232/p232_070_mic1.flac,There is an element of racism in Scotland.,p232,data/train/speaker_embeddings/p232/p232_070_mic1_em.pt,data/train/mel_spectrograms/p232/p232_070_mic1_mel.pt
data/preprocessed_data_test/p232/p232_129_mic1.flac,The task force continues to be in discussion with both companies.,p232,data/train/speaker_embeddings/p232/p232_129_mic1_em.pt,data/train/mel_spectrograms/p232/p232_129_mic1_mel.pt
data/preprocessed_data_test/p233/p233_249_mic1.flac,It is a policy which has the full support of the minister.,p233,data/train/speaker_embeddings/p233/p233_249_mic1_em.pt,data/train/mel_spectrograms/p233/p233_249_mic1_mel.pt
data/preprocessed_data_test/p233/p233_016_mic1.flac,The Norsemen considered the rainbow as a bridge over which the gods passed from earth to their home in the sky.,p233,data/train/speaker_embeddings/p233/p233_016_mic1_em.pt,data/train/mel_spectrograms/p233/p233_016_mic1_mel.pt
data/preprocessed_data_test/p233/p233_084_mic1.flac,It is not a story.,p233,data/train/speaker_embeddings/p233/p233_084_mic1_em.pt,data/train/mel_spectrograms/p233/p233_084_mic1_mel.pt
data/preprocessed_data_test/p234/p234_255_mic1.flac,The world is a good place.,p234,data/train/speaker_embeddings/p234/p234_255_mic1_em.pt,data/train/mel_spectrograms/p234/p234_255_mic1_mel.pt
data/preprocessed_data_test/p234/p234_118_mic1.flac,When we looked at the company.,p234,data/train/speaker_embeddings/p234/p234_118_mic1_em.pt,data/train/mel_spectrograms/p234/p234_118_mic1_mel.pt
data/preprocessed_data_test/p234/p234_189_mic1.flac,It is simply not true.,p234,data/train/speaker_embeddings/p234/p234_189_mic1_em.pt,data/train/mel_spectrograms/p234/p234_189_mic1_mel.pt
data/preprocessed_data_test/p236/p236_217_mic1.flac,John Daly has a burning ambition.,p236,data/train/speaker_embeddings/p236/p236_217_mic1_em.pt,data/train/mel_spectrograms/p236/p236_217_mic1_mel.pt
data/preprocessed_data_test/p236/p236_033_mic1.flac,This is a central issue.,p236,data/train/speaker_embeddings/p236/p236_033_mic1_em.pt,data/train/mel_spectrograms/p236/p236_033_mic1_mel.pt
data/preprocessed_data_test/p236/p236_317_mic1.flac,That is the real test.,p236,data/train/speaker_embeddings/p236/p236_317_mic1_em.pt,data/train/mel_spectrograms/p236/p236_317_mic1_mel.pt
data/preprocessed_data_test/p237/p237_323_mic1.flac,It should be equal.,p237,data/train/speaker_embeddings/p237/p237_323_mic1_em.pt,data/train/mel_spectrograms/p237/p237_323_mic1_mel.pt
data/preprocessed_data_test/p237/p237_137_mic1.flac,It's perfectly feasible.,p237,data/train/speaker_embeddings/p237/p237_137_mic1_em.pt,data/train/mel_spectrograms/p237/p237_137_mic1_mel.pt
data/preprocessed_data_test/p237/p237_030_mic1.flac,"However, the following year the cancer returned.",p237,data/train/speaker_embeddings/p237/p237_030_mic1_em.pt,data/train/mel_spectrograms/p237/p237_030_mic1_mel.pt
data/preprocessed_data_test/p238/p238_324_mic1.flac,Celtic were the losers then.,p238,data/train/speaker_embeddings/p238/p238_324_mic1_em.pt,data/train/mel_spectrograms/p238/p238_324_mic1_mel.pt
data/preprocessed_data_test/p238/p238_251_mic1.flac,And they were being paid?,p238,data/train/speaker_embeddings/p238/p238_251_mic1_em.pt,data/train/mel_spectrograms/p238/p238_251_mic1_mel.pt
data/preprocessed_data_test/p238/p238_296_mic1.flac,But there's an upturn in the sector.,p238,data/train/speaker_embeddings/p238/p238_296_mic1_em.pt,data/train/mel_spectrograms/p238/p238_296_mic1_mel.pt
data/preprocessed_data_test/p239/p239_390_mic1.flac,Why do you want to come to Edinburgh?,p239,data/train/speaker_embeddings/p239/p239_390_mic1_em.pt,data/train/mel_spectrograms/p239/p239_390_mic1_mel.pt
data/preprocessed_data_test/p239/p239_078_mic1.flac,I haven't got there yet.,p239,data/train/speaker_embeddings/p239/p239_078_mic1_em.pt,data/train/mel_spectrograms/p239/p239_078_mic1_mel.pt
data/preprocessed_data_test/p239/p239_131_mic1.flac,What are they for?,p239,data/train/speaker_embeddings/p239/p239_131_mic1_em.pt,data/train/mel_spectrograms/p239/p239_131_mic1_mel.pt
data/preprocessed_data_test/p240/p240_225_mic1.flac,But it will be sorted out this week.,p240,data/train/speaker_embeddings/p240/p240_225_mic1_em.pt,data/train/mel_spectrograms/p240/p240_225_mic1_mel.pt
data/preprocessed_data_test/p240/p240_234_mic1.flac,"However, no further action was taken by police.",p240,data/train/speaker_embeddings/p240/p240_234_mic1_em.pt,data/train/mel_spectrograms/p240/p240_234_mic1_mel.pt
data/preprocessed_data_test/p240/p240_169_mic1.flac,They will do their own thing.,p240,data/train/speaker_embeddings/p240/p240_169_mic1_em.pt,data/train/mel_spectrograms/p240/p240_169_mic1_mel.pt
data/preprocessed_data_test/p241/p241_326_mic1.flac,We agreed to disagree.,p241,data/train/speaker_embeddings/p241/p241_326_mic1_em.pt,data/train/mel_spectrograms/p241/p241_326_mic1_mel.pt
data/preprocessed_data_test/p241/p241_298_mic1.flac,A police inquiry began about two weeks before the General Election.,p241,data/train/speaker_embeddings/p241/p241_298_mic1_em.pt,data/train/mel_spectrograms/p241/p241_298_mic1_mel.pt
data/preprocessed_data_test/p241/p241_354_mic1.flac,"As, indeed, they would be.",p241,data/train/speaker_embeddings/p241/p241_354_mic1_em.pt,data/train/mel_spectrograms/p241/p241_354_mic1_mel.pt
data/preprocessed_data_test/p243/p243_182_mic1.flac,She is believed to be in South Africa.,p243,data/train/speaker_embeddings/p243/p243_182_mic1_em.pt,data/train/mel_spectrograms/p243/p243_182_mic1_mel.pt
data/preprocessed_data_test/p243/p243_334_mic1.flac,"One royal, however, was himself criticised yesterday.",p243,data/train/speaker_embeddings/p243/p243_334_mic1_em.pt,data/train/mel_spectrograms/p243/p243_334_mic1_mel.pt
data/preprocessed_data_test/p243/p243_147_mic1.flac,You should feel involved in their lives.,p243,data/train/speaker_embeddings/p243/p243_147_mic1_em.pt,data/train/mel_spectrograms/p243/p243_147_mic1_mel.pt
data/preprocessed_data_test/p244/p244_364_mic1.flac,"However, it has to be seen as part of a package.",p244,data/train/speaker_embeddings/p244/p244_364_mic1_em.pt,data/train/mel_spectrograms/p244/p244_364_mic1_mel.pt
data/preprocessed_data_test/p244/p244_368_mic1.flac,"In addition, certain areas are closed at certain times.",p244,data/train/speaker_embeddings/p244/p244_368_mic1_em.pt,data/train/mel_spectrograms/p244/p244_368_mic1_mel.pt
data/preprocessed_data_test/p244/p244_165_mic1.flac,This would indicate a surge in inflation was unlikely.,p244,data/train/speaker_embeddings/p244/p244_165_mic1_em.pt,data/train/mel_spectrograms/p244/p244_165_mic1_mel.pt
data/preprocessed_data_test/p245/p245_299_mic1.flac,We are now looking at the degrees of injury.,p245,data/train/speaker_embeddings/p245/p245_299_mic1_em.pt,data/train/mel_spectrograms/p245/p245_299_mic1_mel.pt
data/preprocessed_data_test/p245/p245_158_mic1.flac,Everyone can be bought.,p245,data/train/speaker_embeddings/p245/p245_158_mic1_em.pt,data/train/mel_spectrograms/p245/p245_158_mic1_mel.pt
data/preprocessed_data_test/p245/p245_010_mic1.flac,"People look, but no one ever finds it.",p245,data/train/speaker_embeddings/p245/p245_010_mic1_em.pt,data/train/mel_spectrograms/p245/p245_010_mic1_mel.pt
data/preprocessed_data_test/p246/p246_327_mic1.flac,Is that an issue?,p246,data/train/speaker_embeddings/p246/p246_327_mic1_em.pt,data/train/mel_spectrograms/p246/p246_327_mic1_mel.pt
data/preprocessed_data_test/p246/p246_149_mic1.flac,"It will include the Black Watch, the Royal Highland regiment.",p246,data/train/speaker_embeddings/p246/p246_149_mic1_em.pt,data/train/mel_spectrograms/p246/p246_149_mic1_mel.pt
data/preprocessed_data_test/p246/p246_165_mic1.flac,We should do everything at a stroke.,p246,data/train/speaker_embeddings/p246/p246_165_mic1_em.pt,data/train/mel_spectrograms/p246/p246_165_mic1_mel.pt
data/preprocessed_data_test/p247/p247_056_mic1.flac,The rate of growth in road traffic is already beginning to slow.,p247,data/train/speaker_embeddings/p247/p247_056_mic1_em.pt,data/train/mel_spectrograms/p247/p247_056_mic1_mel.pt
data/preprocessed_data_test/p247/p247_315_mic1.flac,His job was not advertised.,p247,data/train/speaker_embeddings/p247/p247_315_mic1_em.pt,data/train/mel_spectrograms/p247/p247_315_mic1_mel.pt
data/preprocessed_data_test/p247/p247_268_mic1.flac,Messages have to be reinforced.,p247,data/train/speaker_embeddings/p247/p247_268_mic1_em.pt,data/train/mel_spectrograms/p247/p247_268_mic1_mel.pt
data/preprocessed_data_test/p248/p248_073_mic1.flac,Neither it is.,p248,data/train/speaker_embeddings/p248/p248_073_mic1_em.pt,data/train/mel_spectrograms/p248/p248_073_mic1_mel.pt
data/preprocessed_data_test/p248/p248_281_mic1.flac,He will address the nation this evening.,p248,data/train/speaker_embeddings/p248/p248_281_mic1_em.pt,data/train/mel_spectrograms/p248/p248_281_mic1_mel.pt
data/preprocessed_data_test/p248/p248_203_mic1.flac,It's just awful.,p248,data/train/speaker_embeddings/p248/p248_203_mic1_em.pt,data/train/mel_spectrograms/p248/p248_203_mic1_mel.pt
data/preprocessed_data_test/p249/p249_045_mic1.flac,Is a drug dealer?,p249,data/train/speaker_embeddings/p249/p249_045_mic1_em.pt,data/train/mel_spectrograms/p249/p249_045_mic1_mel.pt
data/preprocessed_data_test/p249/p249_212_mic1.flac,The guidelines are expected to be finalised before next spring.,p249,data/train/speaker_embeddings/p249/p249_212_mic1_em.pt,data/train/mel_spectrograms/p249/p249_212_mic1_mel.pt
data/preprocessed_data_test/p249/p249_181_mic1.flac,You have got to get people from all sorts of different directions.,p249,data/train/speaker_embeddings/p249/p249_181_mic1_em.pt,data/train/mel_spectrograms/p249/p249_181_mic1_mel.pt
data/preprocessed_data_test/p250/p250_313_mic1.flac,There was a final revealing detail about the broadcast.,p250,data/train/speaker_embeddings/p250/p250_313_mic1_em.pt,data/train/mel_spectrograms/p250/p250_313_mic1_mel.pt
data/preprocessed_data_test/p250/p250_262_mic1.flac,At half-time he was presented to both teams.,p250,data/train/speaker_embeddings/p250/p250_262_mic1_em.pt,data/train/mel_spectrograms/p250/p250_262_mic1_mel.pt
data/preprocessed_data_test/p250/p250_426_mic1.flac,The second goal was superb.,p250,data/train/speaker_embeddings/p250/p250_426_mic1_em.pt,data/train/mel_spectrograms/p250/p250_426_mic1_mel.pt
data/preprocessed_data_test/p251/p251_097_mic1.flac,They were outside the circle.,p251,data/train/speaker_embeddings/p251/p251_097_mic1_em.pt,data/train/mel_spectrograms/p251/p251_097_mic1_mel.pt
data/preprocessed_data_test/p251/p251_003_mic1.flac,"Six spoons of fresh snow peas, five thick slabs of blue cheese, and maybe a snack for her brother Bob.",p251,data/train/speaker_embeddings/p251/p251_003_mic1_em.pt,data/train/mel_spectrograms/p251/p251_003_mic1_mel.pt
data/preprocessed_data_test/p251/p251_142_mic1.flac,And the Farmer is worried about another aspect of farming life.,p251,data/train/speaker_embeddings/p251/p251_142_mic1_em.pt,data/train/mel_spectrograms/p251/p251_142_mic1_mel.pt
data/preprocessed_data_test/p252/p252_035_mic1.flac,He added that her comments were noted.,p252,data/train/speaker_embeddings/p252/p252_035_mic1_em.pt,data/train/mel_spectrograms/p252/p252_035_mic1_mel.pt
data/preprocessed_data_test/p252/p252_052_mic1.flac,Downing Street also rejected the calls for a European army.,p252,data/train/speaker_embeddings/p252/p252_052_mic1_em.pt,data/train/mel_spectrograms/p252/p252_052_mic1_mel.pt
data/preprocessed_data_test/p252/p252_250_mic1.flac,Our focus remains on quality revenue.,p252,data/train/speaker_embeddings/p252/p252_250_mic1_em.pt,data/train/mel_spectrograms/p252/p252_250_mic1_mel.pt
data/preprocessed_data_test/p253/p253_360_mic1.flac,"Now, though, he has an incentive.",p253,data/train/speaker_embeddings/p253/p253_360_mic1_em.pt,data/train/mel_spectrograms/p253/p253_360_mic1_mel.pt
data/preprocessed_data_test/p253/p253_365_mic1.flac,"By that time, however, it was already too late.",p253,data/train/speaker_embeddings/p253/p253_365_mic1_em.pt,data/train/mel_spectrograms/p253/p253_365_mic1_mel.pt
data/preprocessed_data_test/p253/p253_087_mic1.flac,It just shows the arrogance of Labour and the Liberal Democrats.,p253,data/train/speaker_embeddings/p253/p253_087_mic1_em.pt,data/train/mel_spectrograms/p253/p253_087_mic1_mel.pt
data/preprocessed_data_test/p254/p254_250_mic1.flac,There's the mix.,p254,data/train/speaker_embeddings/p254/p254_250_mic1_em.pt,data/train/mel_spectrograms/p254/p254_250_mic1_mel.pt
data/preprocessed_data_test/p254/p254_137_mic1.flac,It plans to return to this field.,p254,data/train/speaker_embeddings/p254/p254_137_mic1_em.pt,data/train/mel_spectrograms/p254/p254_137_mic1_mel.pt
data/preprocessed_data_test/p254/p254_136_mic1.flac,The whole thing of doing the movie was a risk.,p254,data/train/speaker_embeddings/p254/p254_136_mic1_em.pt,data/train/mel_spectrograms/p254/p254_136_mic1_mel.pt
data/preprocessed_data_test/p255/p255_298_mic1.flac,I have tonight resigned as member of the European Commission.,p255,data/train/speaker_embeddings/p255/p255_298_mic1_em.pt,data/train/mel_spectrograms/p255/p255_298_mic1_mel.pt
data/preprocessed_data_test/p255/p255_030_mic1.flac,Life was like a timetable.,p255,data/train/speaker_embeddings/p255/p255_030_mic1_em.pt,data/train/mel_spectrograms/p255/p255_030_mic1_mel.pt
data/preprocessed_data_test/p255/p255_207_mic1.flac,The album was widely expected to be a commercial disaster.,p255,data/train/speaker_embeddings/p255/p255_207_mic1_em.pt,data/train/mel_spectrograms/p255/p255_207_mic1_mel.pt
data/preprocessed_data_test/p256/p256_228_mic1.flac,The track is currently covered in snow.,p256,data/train/speaker_embeddings/p256/p256_228_mic1_em.pt,data/train/mel_spectrograms/p256/p256_228_mic1_mel.pt
data/preprocessed_data_test/p256/p256_169_mic1.flac,The post will be unpaid.,p256,data/train/speaker_embeddings/p256/p256_169_mic1_em.pt,data/train/mel_spectrograms/p256/p256_169_mic1_mel.pt
data/preprocessed_data_test/p256/p256_101_mic1.flac,We could not get any possession.,p256,data/train/speaker_embeddings/p256/p256_101_mic1_em.pt,data/train/mel_spectrograms/p256/p256_101_mic1_mel.pt
data/preprocessed_data_test/p257/p257_189_mic1.flac,Last night was a key episode.,p257,data/train/speaker_embeddings/p257/p257_189_mic1_em.pt,data/train/mel_spectrograms/p257/p257_189_mic1_mel.pt
data/preprocessed_data_test/p257/p257_101_mic1.flac,"However, the intensive care unit at the Southern General Hospital was full.",p257,data/train/speaker_embeddings/p257/p257_101_mic1_em.pt,data/train/mel_spectrograms/p257/p257_101_mic1_mel.pt
data/preprocessed_data_test/p257/p257_247_mic1.flac,He said he intended to push for a judicial review.,p257,data/train/speaker_embeddings/p257/p257_247_mic1_em.pt,data/train/mel_spectrograms/p257/p257_247_mic1_mel.pt
data/preprocessed_data_test/p258/p258_150_mic1.flac,Neither side can win this war.,p258,data/train/speaker_embeddings/p258/p258_150_mic1_em.pt,data/train/mel_spectrograms/p258/p258_150_mic1_mel.pt
data/preprocessed_data_test/p258/p258_058_mic1.flac,It should be devolved.,p258,data/train/speaker_embeddings/p258/p258_058_mic1_em.pt,data/train/mel_spectrograms/p258/p258_058_mic1_mel.pt
data/preprocessed_data_test/p258/p258_162_mic1.flac,I lost my head.,p258,data/train/speaker_embeddings/p258/p258_162_mic1_em.pt,data/train/mel_spectrograms/p258/p258_162_mic1_mel.pt
data/preprocessed_data_test/p259/p259_390_mic1.flac,"Despite his senior position, he did not know in advance.",p259,data/train/speaker_embeddings/p259/p259_390_mic1_em.pt,data/train/mel_spectrograms/p259/p259_390_mic1_mel.pt
data/preprocessed_data_test/p259/p259_214_mic1.flac,Did he trip?,p259,data/train/speaker_embeddings/p259/p259_214_mic1_em.pt,data/train/mel_spectrograms/p259/p259_214_mic1_mel.pt
data/preprocessed_data_test/p259/p259_220_mic1.flac,The result is utterly compelling.,p259,data/train/speaker_embeddings/p259/p259_220_mic1_em.pt,data/train/mel_spectrograms/p259/p259_220_mic1_mel.pt
data/preprocessed_data_test/p260/p260_132_mic1.flac,Nobody will know the feeling of the branches until October.,p260,data/train/speaker_embeddings/p260/p260_132_mic1_em.pt,data/train/mel_spectrograms/p260/p260_132_mic1_mel.pt
data/preprocessed_data_test/p260/p260_153_mic1.flac,We are on a four-year mission.,p260,data/train/speaker_embeddings/p260/p260_153_mic1_em.pt,data/train/mel_spectrograms/p260/p260_153_mic1_mel.pt
data/preprocessed_data_test/p260/p260_006_mic1.flac,"When the sunlight strikes raindrops in the air, they act as a prism and form a rainbow.",p260,data/train/speaker_embeddings/p260/p260_006_mic1_em.pt,data/train/mel_spectrograms/p260/p260_006_mic1_mel.pt
data/preprocessed_data_test/p261/p261_366_mic1.flac,"He is not very big, either.",p261,data/train/speaker_embeddings/p261/p261_366_mic1_em.pt,data/train/mel_spectrograms/p261/p261_366_mic1_mel.pt
data/preprocessed_data_test/p261/p261_325_mic1.flac,Disruption will be kept to a minimum.,p261,data/train/speaker_embeddings/p261/p261_325_mic1_em.pt,data/train/mel_spectrograms/p261/p261_325_mic1_mel.pt
data/preprocessed_data_test/p261/p261_109_mic1.flac,And does it?,p261,data/train/speaker_embeddings/p261/p261_109_mic1_em.pt,data/train/mel_spectrograms/p261/p261_109_mic1_mel.pt
data/preprocessed_data_test/p262/p262_264_mic1.flac,At first I thought I was gone.,p262,data/train/speaker_embeddings/p262/p262_264_mic1_em.pt,data/train/mel_spectrograms/p262/p262_264_mic1_mel.pt
data/preprocessed_data_test/p262/p262_090_mic1.flac,Then came the crunch.,p262,data/train/speaker_embeddings/p262/p262_090_mic1_em.pt,data/train/mel_spectrograms/p262/p262_090_mic1_mel.pt
data/preprocessed_data_test/p262/p262_338_mic1.flac,The team for the first game could be this one.,p262,data/train/speaker_embeddings/p262/p262_338_mic1_em.pt,data/train/mel_spectrograms/p262/p262_338_mic1_mel.pt
data/preprocessed_data_test/p263/p263_419_mic1.flac,I can lead by example.,p263,data/train/speaker_embeddings/p263/p263_419_mic1_em.pt,data/train/mel_spectrograms/p263/p263_419_mic1_mel.pt
data/preprocessed_data_test/p263/p263_249_mic1.flac,He has run a hell of a race.,p263,data/train/speaker_embeddings/p263/p263_249_mic1_em.pt,data/train/mel_spectrograms/p263/p263_249_mic1_mel.pt
data/preprocessed_data_test/p263/p263_194_mic1.flac,Says the Duke of York.,p263,data/train/speaker_embeddings/p263/p263_194_mic1_em.pt,data/train/mel_spectrograms/p263/p263_194_mic1_mel.pt
data/preprocessed_data_test/p264/p264_289_mic1.flac,You have made your point.,p264,data/train/speaker_embeddings/p264/p264_289_mic1_em.pt,data/train/mel_spectrograms/p264/p264_289_mic1_mel.pt
data/preprocessed_data_test/p264/p264_303_mic1.flac,It was finally agreed on Saturday.,p264,data/train/speaker_embeddings/p264/p264_303_mic1_em.pt,data/train/mel_spectrograms/p264/p264_303_mic1_mel.pt
data/preprocessed_data_test/p264/p264_432_mic1.flac,The tie isn't over.,p264,data/train/speaker_embeddings/p264/p264_432_mic1_em.pt,data/train/mel_spectrograms/p264/p264_432_mic1_mel.pt
data/preprocessed_data_test/p265/p265_241_mic1.flac,It was a hit.,p265,data/train/speaker_embeddings/p265/p265_241_mic1_em.pt,data/train/mel_spectrograms/p265/p265_241_mic1_mel.pt
data/preprocessed_data_test/p265/p265_237_mic1.flac,"In short, the Scottish excess is not difficult to justify.",p265,data/train/speaker_embeddings/p265/p265_237_mic1_em.pt,data/train/mel_spectrograms/p265/p265_237_mic1_mel.pt
data/preprocessed_data_test/p265/p265_253_mic1.flac,Treatment is aimed at the symptoms.,p265,data/train/speaker_embeddings/p265/p265_253_mic1_em.pt,data/train/mel_spectrograms/p265/p265_253_mic1_mel.pt
data/preprocessed_data_test/p266/p266_061_mic1.flac,We recorded it at our own expense.,p266,data/train/speaker_embeddings/p266/p266_061_mic1_em.pt,data/train/mel_spectrograms/p266/p266_061_mic1_mel.pt
data/preprocessed_data_test/p266/p266_416_mic1.flac,Senior management in Scotland threw its weight behind the orchestra.,p266,data/train/speaker_embeddings/p266/p266_416_mic1_em.pt,data/train/mel_spectrograms/p266/p266_416_mic1_mel.pt
data/preprocessed_data_test/p266/p266_343_mic1.flac,I'm very lucky.,p266,data/train/speaker_embeddings/p266/p266_343_mic1_em.pt,data/train/mel_spectrograms/p266/p266_343_mic1_mel.pt
data/preprocessed_data_test/p267/p267_265_mic1.flac,I've had no discussions with the chairman or the board.,p267,data/train/speaker_embeddings/p267/p267_265_mic1_em.pt,data/train/mel_spectrograms/p267/p267_265_mic1_mel.pt
data/preprocessed_data_test/p267/p267_065_mic1.flac,"So is that it, then?",p267,data/train/speaker_embeddings/p267/p267_065_mic1_em.pt,data/train/mel_spectrograms/p267/p267_065_mic1_mel.pt
data/preprocessed_data_test/p267/p267_204_mic1.flac,Abbey National is an option.,p267,data/train/speaker_embeddings/p267/p267_204_mic1_em.pt,data/train/mel_spectrograms/p267/p267_204_mic1_mel.pt
data/preprocessed_data_test/p268/p268_057_mic1.flac,But it couldn't happen overnight.,p268,data/train/speaker_embeddings/p268/p268_057_mic1_em.pt,data/train/mel_spectrograms/p268/p268_057_mic1_mel.pt
data/preprocessed_data_test/p268/p268_243_mic1.flac,We will turn the corner.,p268,data/train/speaker_embeddings/p268/p268_243_mic1_em.pt,data/train/mel_spectrograms/p268/p268_243_mic1_mel.pt
data/preprocessed_data_test/p268/p268_193_mic1.flac,"In addition, margins have been maintained.",p268,data/train/speaker_embeddings/p268/p268_193_mic1_em.pt,data/train/mel_spectrograms/p268/p268_193_mic1_mel.pt
data/preprocessed_data_test/p269/p269_171_mic1.flac,We knew we had the goal we wanted.,p269,data/train/speaker_embeddings/p269/p269_171_mic1_em.pt,data/train/mel_spectrograms/p269/p269_171_mic1_mel.pt
data/preprocessed_data_test/p269/p269_219_mic1.flac,I have wanted to buy one for the National Gallery.,p269,data/train/speaker_embeddings/p269/p269_219_mic1_em.pt,data/train/mel_spectrograms/p269/p269_219_mic1_mel.pt
data/preprocessed_data_test/p269/p269_196_mic1.flac,We must keep our feet on the ground.,p269,data/train/speaker_embeddings/p269/p269_196_mic1_em.pt,data/train/mel_spectrograms/p269/p269_196_mic1_mel.pt
data/preprocessed_data_test/p270/p270_087_mic1.flac,The outsourcing deal will take effect in September.,p270,data/train/speaker_embeddings/p270/p270_087_mic1_em.pt,data/train/mel_spectrograms/p270/p270_087_mic1_mel.pt
data/preprocessed_data_test/p270/p270_092_mic1.flac,We haven't finished the complaints procedure.,p270,data/train/speaker_embeddings/p270/p270_092_mic1_em.pt,data/train/mel_spectrograms/p270/p270_092_mic1_mel.pt
data/preprocessed_data_test/p270/p270_241_mic1.flac,The scientific debate is dead.,p270,data/train/speaker_embeddings/p270/p270_241_mic1_em.pt,data/train/mel_spectrograms/p270/p270_241_mic1_mel.pt
data/preprocessed_data_test/p271/p271_072_mic1.flac,He becomes the new Minister for Sport and Culture.,p271,data/train/speaker_embeddings/p271/p271_072_mic1_em.pt,data/train/mel_spectrograms/p271/p271_072_mic1_mel.pt
data/preprocessed_data_test/p271/p271_323_mic1.flac,We are in the end game.,p271,data/train/speaker_embeddings/p271/p271_323_mic1_em.pt,data/train/mel_spectrograms/p271/p271_323_mic1_mel.pt
data/preprocessed_data_test/p271/p271_347_mic1.flac,I got a yellow card.,p271,data/train/speaker_embeddings/p271/p271_347_mic1_em.pt,data/train/mel_spectrograms/p271/p271_347_mic1_mel.pt
data/preprocessed_data_test/p272/p272_011_mic1.flac,"When a man looks for something beyond his reach, his friends say he is looking for the pot of gold at the end of the rainbow.",p272,data/train/speaker_embeddings/p272/p272_011_mic1_em.pt,data/train/mel_spectrograms/p272/p272_011_mic1_mel.pt
data/preprocessed_data_test/p272/p272_096_mic1.flac,They lived for their children.,p272,data/train/speaker_embeddings/p272/p272_096_mic1_em.pt,data/train/mel_spectrograms/p272/p272_096_mic1_mel.pt
data/preprocessed_data_test/p272/p272_160_mic1.flac,My Dad is a hero.,p272,data/train/speaker_embeddings/p272/p272_160_mic1_em.pt,data/train/mel_spectrograms/p272/p272_160_mic1_mel.pt
data/preprocessed_data_test/p273/p273_123_mic1.flac,It feels like a privilege.,p273,data/train/speaker_embeddings/p273/p273_123_mic1_em.pt,data/train/mel_spectrograms/p273/p273_123_mic1_mel.pt
data/preprocessed_data_test/p273/p273_050_mic1.flac,"How are you, sir?",p273,data/train/speaker_embeddings/p273/p273_050_mic1_em.pt,data/train/mel_spectrograms/p273/p273_050_mic1_mel.pt
data/preprocessed_data_test/p273/p273_098_mic1.flac,The following are the principal provisions.,p273,data/train/speaker_embeddings/p273/p273_098_mic1_em.pt,data/train/mel_spectrograms/p273/p273_098_mic1_mel.pt
data/preprocessed_data_test/p274/p274_048_mic1.flac,Subsidy income will not be affected.,p274,data/train/speaker_embeddings/p274/p274_048_mic1_em.pt,data/train/mel_spectrograms/p274/p274_048_mic1_mel.pt
data/preprocessed_data_test/p274/p274_176_mic1.flac,Says the Duke of York.,p274,data/train/speaker_embeddings/p274/p274_176_mic1_em.pt,data/train/mel_spectrograms/p274/p274_176_mic1_mel.pt
data/preprocessed_data_test/p274/p274_208_mic1.flac,Which isn't a bad idea.,p274,data/train/speaker_embeddings/p274/p274_208_mic1_em.pt,data/train/mel_spectrograms/p274/p274_208_mic1_mel.pt
data/preprocessed_data_test/p275/p275_306_mic1.flac,"They included certain insurance policies, and his share of the house.",p275,data/train/speaker_embeddings/p275/p275_306_mic1_em.pt,data/train/mel_spectrograms/p275/p275_306_mic1_mel.pt
data/preprocessed_data_test/p275/p275_427_mic1.flac,He deserved a red card.,p275,data/train/speaker_embeddings/p275/p275_427_mic1_em.pt,data/train/mel_spectrograms/p275/p275_427_mic1_mel.pt
data/preprocessed_data_test/p275/p275_334_mic1.flac,That's not eviction because he is not a tenant.,p275,data/train/speaker_embeddings/p275/p275_334_mic1_em.pt,data/train/mel_spectrograms/p275/p275_334_mic1_mel.pt
data/preprocessed_data_test/p276/p276_129_mic1.flac,They lived for their children.,p276,data/train/speaker_embeddings/p276/p276_129_mic1_em.pt,data/train/mel_spectrograms/p276/p276_129_mic1_mel.pt
data/preprocessed_data_test/p276/p276_078_mic1.flac,"In time, the First Minister will grow in stature.",p276,data/train/speaker_embeddings/p276/p276_078_mic1_em.pt,data/train/mel_spectrograms/p276/p276_078_mic1_mel.pt
data/preprocessed_data_test/p276/p276_413_mic1.flac,"Subs not used, McKenzie, Ritchie.",p276,data/train/speaker_embeddings/p276/p276_413_mic1_em.pt,data/train/mel_spectrograms/p276/p276_413_mic1_mel.pt
data/preprocessed_data_test/p277/p277_297_mic1.flac,Violence and threatening behaviour has no place in a school.,p277,data/train/speaker_embeddings/p277/p277_297_mic1_em.pt,data/train/mel_spectrograms/p277/p277_297_mic1_mel.pt
data/preprocessed_data_test/p277/p277_358_mic1.flac,It's now down in black and white.,p277,data/train/speaker_embeddings/p277/p277_358_mic1_em.pt,data/train/mel_spectrograms/p277/p277_358_mic1_mel.pt
data/preprocessed_data_test/p277/p277_268_mic1.flac,The record companies have gone through the floor.,p277,data/train/speaker_embeddings/p277/p277_268_mic1_em.pt,data/train/mel_spectrograms/p277/p277_268_mic1_mel.pt
data/preprocessed_data_test/p278/p278_008_mic1.flac,"These take the shape of a long round arch, with its path high above, and its two ends apparently beyond the horizon.",p278,data/train/speaker_embeddings/p278/p278_008_mic1_em.pt,data/train/mel_spectrograms/p278/p278_008_mic1_mel.pt
data/preprocessed_data_test/p278/p278_234_mic1.flac,Friends of the Earth Scotland last night welcomed the announcement.,p278,data/train/speaker_embeddings/p278/p278_234_mic1_em.pt,data/train/mel_spectrograms/p278/p278_234_mic1_mel.pt
data/preprocessed_data_test/p278/p278_186_mic1.flac,They are determined to make a meaningful contribution.,p278,data/train/speaker_embeddings/p278/p278_186_mic1_em.pt,data/train/mel_spectrograms/p278/p278_186_mic1_mel.pt
data/preprocessed_data_test/p279/p279_194_mic1.flac,The procedure is the same in all cases.,p279,data/train/speaker_embeddings/p279/p279_194_mic1_em.pt,data/train/mel_spectrograms/p279/p279_194_mic1_mel.pt
data/preprocessed_data_test/p279/p279_025_mic1.flac,It's a relief that a decision has finally been made.,p279,data/train/speaker_embeddings/p279/p279_025_mic1_em.pt,data/train/mel_spectrograms/p279/p279_025_mic1_mel.pt
data/preprocessed_data_test/p279/p279_076_mic1.flac,The end result is precisely the same.,p279,data/train/speaker_embeddings/p279/p279_076_mic1_em.pt,data/train/mel_spectrograms/p279/p279_076_mic1_mel.pt
data/preprocessed_data_test/p280/p280_201_mic1.flac,One in eight workers in Edinburgh works for Standard Life alone.,p280,data/train/speaker_embeddings/p280/p280_201_mic1_em.pt,data/train/mel_spectrograms/p280/p280_201_mic1_mel.pt
data/preprocessed_data_test/p280/p280_174_mic1.flac,The company hopes to top seven million passengers in its current financial year.,p280,data/train/speaker_embeddings/p280/p280_174_mic1_em.pt,data/train/mel_spectrograms/p280/p280_174_mic1_mel.pt
data/preprocessed_data_test/p280/p280_384_mic1.flac,What do we do?,p280,data/train/speaker_embeddings/p280/p280_384_mic1_em.pt,data/train/mel_spectrograms/p280/p280_384_mic1_mel.pt
data/preprocessed_data_test/p281/p281_378_mic1.flac,We are delighted at the response from potential employers.,p281,data/train/speaker_embeddings/p281/p281_378_mic1_em.pt,data/train/mel_spectrograms/p281/p281_378_mic1_mel.pt
data/preprocessed_data_test/p281/p281_458_mic1.flac,Both promotions come as no surprise.,p281,data/train/speaker_embeddings/p281/p281_458_mic1_em.pt,data/train/mel_spectrograms/p281/p281_458_mic1_mel.pt
data/preprocessed_data_test/p281/p281_009_mic1.flac,"There is , according to legend, a boiling pot of gold at one end.",p281,data/train/speaker_embeddings/p281/p281_009_mic1_em.pt,data/train/mel_spectrograms/p281/p281_009_mic1_mel.pt
data/preprocessed_data_test/p282/p282_276_mic1.flac,"Surely, the Scottish Parliament is entitled to take a view on that.",p282,data/train/speaker_embeddings/p282/p282_276_mic1_em.pt,data/train/mel_spectrograms/p282/p282_276_mic1_mel.pt
data/preprocessed_data_test/p282/p282_316_mic1.flac,They will certainly be visible from every house in our area.,p282,data/train/speaker_embeddings/p282/p282_316_mic1_em.pt,data/train/mel_spectrograms/p282/p282_316_mic1_mel.pt
data/preprocessed_data_test/p282/p282_238_mic1.flac,It is hard won.,p282,data/train/speaker_embeddings/p282/p282_238_mic1_em.pt,data/train/mel_spectrograms/p282/p282_238_mic1_mel.pt
data/preprocessed_data_test/p283/p283_029_mic1.flac,Because we do not need it.,p283,data/train/speaker_embeddings/p283/p283_029_mic1_em.pt,data/train/mel_spectrograms/p283/p283_029_mic1_mel.pt
data/preprocessed_data_test/p283/p283_133_mic1.flac,Lady Thatcher was the only woman with full membership.,p283,data/train/speaker_embeddings/p283/p283_133_mic1_em.pt,data/train/mel_spectrograms/p283/p283_133_mic1_mel.pt
data/preprocessed_data_test/p283/p283_314_mic1.flac,It's called the Supreme Court for a reason.,p283,data/train/speaker_embeddings/p283/p283_314_mic1_em.pt,data/train/mel_spectrograms/p283/p283_314_mic1_mel.pt
data/preprocessed_data_test/p284/p284_368_mic1.flac,There was a substantial explosion.,p284,data/train/speaker_embeddings/p284/p284_368_mic1_em.pt,data/train/mel_spectrograms/p284/p284_368_mic1_mel.pt
data/preprocessed_data_test/p284/p284_100_mic1.flac,May not have been at fault?,p284,data/train/speaker_embeddings/p284/p284_100_mic1_em.pt,data/train/mel_spectrograms/p284/p284_100_mic1_mel.pt
data/preprocessed_data_test/p284/p284_109_mic1.flac,"While they went on holiday, we got the contract.",p284,data/train/speaker_embeddings/p284/p284_109_mic1_em.pt,data/train/mel_spectrograms/p284/p284_109_mic1_mel.pt
data/preprocessed_data_test/p285/p285_198_mic1.flac,The service from the other players was super.,p285,data/train/speaker_embeddings/p285/p285_198_mic1_em.pt,data/train/mel_spectrograms/p285/p285_198_mic1_mel.pt
data/preprocessed_data_test/p285/p285_034_mic1.flac,Mr Ferguson became a minister after seven years as a journalist.,p285,data/train/speaker_embeddings/p285/p285_034_mic1_em.pt,data/train/mel_spectrograms/p285/p285_034_mic1_mel.pt
data/preprocessed_data_test/p285/p285_301_mic1.flac,This is a war over our home.,p285,data/train/speaker_embeddings/p285/p285_301_mic1_em.pt,data/train/mel_spectrograms/p285/p285_301_mic1_mel.pt
data/preprocessed_data_test/p286/p286_003_mic1.flac,"Six spoons of fresh snow peas, five thick slabs of blue cheese, and maybe a snack for her brother Bob.",p286,data/train/speaker_embeddings/p286/p286_003_mic1_em.pt,data/train/mel_spectrograms/p286/p286_003_mic1_mel.pt
data/preprocessed_data_test/p286/p286_332_mic1.flac,The party lasted all night.,p286,data/train/speaker_embeddings/p286/p286_332_mic1_em.pt,data/train/mel_spectrograms/p286/p286_332_mic1_mel.pt
data/preprocessed_data_test/p286/p286_094_mic1.flac,So what is the campaign about?,p286,data/train/speaker_embeddings/p286/p286_094_mic1_em.pt,data/train/mel_spectrograms/p286/p286_094_mic1_mel.pt
data/preprocessed_data_test/p287/p287_160_mic1.flac,Phase one was a shambles.,p287,data/train/speaker_embeddings/p287/p287_160_mic1_em.pt,data/train/mel_spectrograms/p287/p287_160_mic1_mel.pt
data/preprocessed_data_test/p287/p287_030_mic1.flac,Life was like a timetable.,p287,data/train/speaker_embeddings/p287/p287_030_mic1_em.pt,data/train/mel_spectrograms/p287/p287_030_mic1_mel.pt
data/preprocessed_data_test/p287/p287_209_mic1.flac,I had relied on him.,p287,data/train/speaker_embeddings/p287/p287_209_mic1_em.pt,data/train/mel_spectrograms/p287/p287_209_mic1_mel.pt
data/preprocessed_data_test/p288/p288_110_mic1.flac,"On this showing, they should stick with the lads.",p288,data/train/speaker_embeddings/p288/p288_110_mic1_em.pt,data/train/mel_spectrograms/p288/p288_110_mic1_mel.pt
data/preprocessed_data_test/p288/p288_235_mic1.flac,"On the ground, the West Bank was again the focus of violence.",p288,data/train/speaker_embeddings/p288/p288_235_mic1_em.pt,data/train/mel_spectrograms/p288/p288_235_mic1_mel.pt
data/preprocessed_data_test/p288/p288_326_mic1.flac,There was some merit in that.,p288,data/train/speaker_embeddings/p288/p288_326_mic1_em.pt,data/train/mel_spectrograms/p288/p288_326_mic1_mel.pt
data/preprocessed_data_test/p292/p292_220_mic1.flac,The observer saw no evidence of fighting.,p292,data/train/speaker_embeddings/p292/p292_220_mic1_em.pt,data/train/mel_spectrograms/p292/p292_220_mic1_mel.pt
data/preprocessed_data_test/p292/p292_020_mic1.flac,Many complicated ideas about the rainbow have been formed.,p292,data/train/speaker_embeddings/p292/p292_020_mic1_em.pt,data/train/mel_spectrograms/p292/p292_020_mic1_mel.pt
data/preprocessed_data_test/p292/p292_149_mic1.flac,You're not going to forget something like that.,p292,data/train/speaker_embeddings/p292/p292_149_mic1_em.pt,data/train/mel_spectrograms/p292/p292_149_mic1_mel.pt
data/preprocessed_data_test/p293/p293_025_mic1.flac,"It's not, of course, a concert hall.",p293,data/train/speaker_embeddings/p293/p293_025_mic1_em.pt,data/train/mel_spectrograms/p293/p293_025_mic1_mel.pt
data/preprocessed_data_test/p293/p293_395_mic1.flac,This is a completely new experience for me.,p293,data/train/speaker_embeddings/p293/p293_395_mic1_em.pt,data/train/mel_spectrograms/p293/p293_395_mic1_mel.pt
data/preprocessed_data_test/p293/p293_367_mic1.flac,"Hopefully, the goals will return on Wednesday.",p293,data/train/speaker_embeddings/p293/p293_367_mic1_em.pt,data/train/mel_spectrograms/p293/p293_367_mic1_mel.pt
data/preprocessed_data_test/p294/p294_276_mic1.flac,Neither of them was badly hurt.,p294,data/train/speaker_embeddings/p294/p294_276_mic1_em.pt,data/train/mel_spectrograms/p294/p294_276_mic1_mel.pt
data/preprocessed_data_test/p294/p294_360_mic1.flac,The trial continues today.,p294,data/train/speaker_embeddings/p294/p294_360_mic1_em.pt,data/train/mel_spectrograms/p294/p294_360_mic1_mel.pt
data/preprocessed_data_test/p294/p294_115_mic1.flac,Who will deliver more service to Scotland?,p294,data/train/speaker_embeddings/p294/p294_115_mic1_em.pt,data/train/mel_spectrograms/p294/p294_115_mic1_mel.pt
data/preprocessed_data_test/p295/p295_038_mic1.flac,That means an extra two years.,p295,data/train/speaker_embeddings/p295/p295_038_mic1_em.pt,data/train/mel_spectrograms/p295/p295_038_mic1_mel.pt
data/preprocessed_data_test/p295/p295_341_mic1.flac,The last few weeks have been really bad.,p295,data/train/speaker_embeddings/p295/p295_341_mic1_em.pt,data/train/mel_spectrograms/p295/p295_341_mic1_mel.pt
data/preprocessed_data_test/p295/p295_266_mic1.flac,The bombing has had a huge influence.,p295,data/train/speaker_embeddings/p295/p295_266_mic1_em.pt,data/train/mel_spectrograms/p295/p295_266_mic1_mel.pt
data/preprocessed_data_test/p297/p297_173_mic1.flac,Scottish Athletics is opposed to permitting a move.,p297,data/train/speaker_embeddings/p297/p297_173_mic1_em.pt,data/train/mel_spectrograms/p297/p297_173_mic1_mel.pt
data/preprocessed_data_test/p297/p297_424_mic1.flac,"John Prescott is John Prescott, as the prime minister would say.",p297,data/train/speaker_embeddings/p297/p297_424_mic1_em.pt,data/train/mel_spectrograms/p297/p297_424_mic1_mel.pt
data/preprocessed_data_test/p297/p297_325_mic1.flac,It's only tackling congestion.,p297,data/train/speaker_embeddings/p297/p297_325_mic1_em.pt,data/train/mel_spectrograms/p297/p297_325_mic1_mel.pt
data/preprocessed_data_test/p298/p298_044_mic1.flac,I will not be in dialogue with her.,p298,data/train/speaker_embeddings/p298/p298_044_mic1_em.pt,data/train/mel_spectrograms/p298/p298_044_mic1_mel.pt
data/preprocessed_data_test/p298/p298_363_mic1.flac,Would he be able to live with that?,p298,data/train/speaker_embeddings/p298/p298_363_mic1_em.pt,data/train/mel_spectrograms/p298/p298_363_mic1_mel.pt
data/preprocessed_data_test/p298/p298_064_mic1.flac,Seven children had lost both parents.,p298,data/train/speaker_embeddings/p298/p298_064_mic1_em.pt,data/train/mel_spectrograms/p298/p298_064_mic1_mel.pt
data/preprocessed_data_test/p299/p299_058_mic1.flac,"They were not doing it too well, either.",p299,data/train/speaker_embeddings/p299/p299_058_mic1_em.pt,data/train/mel_spectrograms/p299/p299_058_mic1_mel.pt
data/preprocessed_data_test/p299/p299_355_mic1.flac,This is normal for him now.,p299,data/train/speaker_embeddings/p299/p299_355_mic1_em.pt,data/train/mel_spectrograms/p299/p299_355_mic1_mel.pt
data/preprocessed_data_test/p299/p299_399_mic1.flac,Scotland is losing business.,p299,data/train/speaker_embeddings/p299/p299_399_mic1_em.pt,data/train/mel_spectrograms/p299/p299_399_mic1_mel.pt
data/preprocessed_data_test/p300/p300_281_mic1.flac,This is a great shame.,p300,data/train/speaker_embeddings/p300/p300_281_mic1_em.pt,data/train/mel_spectrograms/p300/p300_281_mic1_mel.pt
data/preprocessed_data_test/p300/p300_253_mic1.flac,"A management agreement, however, was conceded.",p300,data/train/speaker_embeddings/p300/p300_253_mic1_em.pt,data/train/mel_spectrograms/p300/p300_253_mic1_mel.pt
data/preprocessed_data_test/p300/p300_023_mic1.flac,"If the red of the second bow falls upon the green of the first, the result is to give a bow with an abnormally wide yellow band, since red and green light when mixed form yellow.",p300,data/train/speaker_embeddings/p300/p300_023_mic1_em.pt,data/train/mel_spectrograms/p300/p300_023_mic1_mel.pt
data/preprocessed_data_test/p301/p301_272_mic1.flac,Drink and petrol prices remain untouched.,p301,data/train/speaker_embeddings/p301/p301_272_mic1_em.pt,data/train/mel_spectrograms/p301/p301_272_mic1_mel.pt
data/preprocessed_data_test/p301/p301_303_mic1.flac,Either group is living in fantasy land.,p301,data/train/speaker_embeddings/p301/p301_303_mic1_em.pt,data/train/mel_spectrograms/p301/p301_303_mic1_mel.pt
data/preprocessed_data_test/p301/p301_001_mic1.flac,Please call Stella.,p301,data/train/speaker_embeddings/p301/p301_001_mic1_em.pt,data/train/mel_spectrograms/p301/p301_001_mic1_mel.pt
data/preprocessed_data_test/p302/p302_008_mic1.flac,"These take the shape of a long round arch, with its path high above, and its two ends apparently beyond the horizon.",p302,data/train/speaker_embeddings/p302/p302_008_mic1_em.pt,data/train/mel_spectrograms/p302/p302_008_mic1_mel.pt
data/preprocessed_data_test/p302/p302_127_mic1.flac,"They prefer the short, intensive session.",p302,data/train/speaker_embeddings/p302/p302_127_mic1_em.pt,data/train/mel_spectrograms/p302/p302_127_mic1_mel.pt
data/preprocessed_data_test/p302/p302_279_mic1.flac,"Scottish Women appear at Eden Court, Inverness, tonight.",p302,data/train/speaker_embeddings/p302/p302_279_mic1_em.pt,data/train/mel_spectrograms/p302/p302_279_mic1_mel.pt
data/preprocessed_data_test/p303/p303_269_mic1.flac,After that nothing could save him.,p303,data/train/speaker_embeddings/p303/p303_269_mic1_em.pt,data/train/mel_spectrograms/p303/p303_269_mic1_mel.pt
data/preprocessed_data_test/p303/p303_302_mic1.flac,That left a bad taste in my mouth.,p303,data/train/speaker_embeddings/p303/p303_302_mic1_em.pt,data/train/mel_spectrograms/p303/p303_302_mic1_mel.pt
data/preprocessed_data_test/p303/p303_299_mic1.flac,And he had much need.,p303,data/train/speaker_embeddings/p303/p303_299_mic1_em.pt,data/train/mel_spectrograms/p303/p303_299_mic1_mel.pt
data/preprocessed_data_test/p304/p304_211_mic1.flac,I sincerely hope that will not change.,p304,data/train/speaker_embeddings/p304/p304_211_mic1_em.pt,data/train/mel_spectrograms/p304/p304_211_mic1_mel.pt
data/preprocessed_data_test/p304/p304_157_mic1.flac,My goal was very important to the team.,p304,data/train/speaker_embeddings/p304/p304_157_mic1_em.pt,data/train/mel_spectrograms/p304/p304_157_mic1_mel.pt
data/preprocessed_data_test/p304/p304_353_mic1.flac,My life is in the ballet.,p304,data/train/speaker_embeddings/p304/p304_353_mic1_em.pt,data/train/mel_spectrograms/p304/p304_353_mic1_mel.pt
data/preprocessed_data_test/p305/p305_219_mic1.flac,Then there's one where people play for fun.,p305,data/train/speaker_embeddings/p305/p305_219_mic1_em.pt,data/train/mel_spectrograms/p305/p305_219_mic1_mel.pt
data/preprocessed_data_test/p305/p305_172_mic1.flac,The actor has met with Mandela.,p305,data/train/speaker_embeddings/p305/p305_172_mic1_em.pt,data/train/mel_spectrograms/p305/p305_172_mic1_mel.pt
data/preprocessed_data_test/p305/p305_025_mic1.flac,"Last year, however, it was decided to dissolve the abbey.",p305,data/train/speaker_embeddings/p305/p305_025_mic1_em.pt,data/train/mel_spectrograms/p305/p305_025_mic1_mel.pt
data/preprocessed_data_test/p306/p306_188_mic1.flac,The faith of large numbers remain unknown.,p306,data/train/speaker_embeddings/p306/p306_188_mic1_em.pt,data/train/mel_spectrograms/p306/p306_188_mic1_mel.pt
data/preprocessed_data_test/p306/p306_031_mic1.flac,I don't believe you own anything.,p306,data/train/speaker_embeddings/p306/p306_031_mic1_em.pt,data/train/mel_spectrograms/p306/p306_031_mic1_mel.pt
data/preprocessed_data_test/p306/p306_260_mic1.flac,He must have something up his sleeve.,p306,data/train/speaker_embeddings/p306/p306_260_mic1_em.pt,data/train/mel_spectrograms/p306/p306_260_mic1_mel.pt
data/preprocessed_data_test/p307/p307_199_mic1.flac,"Frankly, it was worth the booking.",p307,data/train/speaker_embeddings/p307/p307_199_mic1_em.pt,data/train/mel_spectrograms/p307/p307_199_mic1_mel.pt
data/preprocessed_data_test/p307/p307_362_mic1.flac,He will address the nation this evening.,p307,data/train/speaker_embeddings/p307/p307_362_mic1_em.pt,data/train/mel_spectrograms/p307/p307_362_mic1_mel.pt
data/preprocessed_data_test/p307/p307_070_mic1.flac,When he took over it really took off.,p307,data/train/speaker_embeddings/p307/p307_070_mic1_em.pt,data/train/mel_spectrograms/p307/p307_070_mic1_mel.pt
data/preprocessed_data_test/p308/p308_041_mic1.flac,It could have been just a quick fix.,p308,data/train/speaker_embeddings/p308/p308_041_mic1_em.pt,data/train/mel_spectrograms/p308/p308_041_mic1_mel.pt
data/preprocessed_data_test/p308/p308_094_mic1.flac,The boat was fully equipped with safety equipment.,p308,data/train/speaker_embeddings/p308/p308_094_mic1_em.pt,data/train/mel_spectrograms/p308/p308_094_mic1_mel.pt
data/preprocessed_data_test/p308/p308_073_mic1.flac,That alibi is now gone.,p308,data/train/speaker_embeddings/p308/p308_073_mic1_em.pt,data/train/mel_spectrograms/p308/p308_073_mic1_mel.pt
data/preprocessed_data_test/p310/p310_044_mic1.flac,"Normally, they have been a pack of lies.",p310,data/train/speaker_embeddings/p310/p310_044_mic1_em.pt,data/train/mel_spectrograms/p310/p310_044_mic1_mel.pt
data/preprocessed_data_test/p310/p310_002_mic1.flac,Ask her to bring these things with her from the store.,p310,data/train/speaker_embeddings/p310/p310_002_mic1_em.pt,data/train/mel_spectrograms/p310/p310_002_mic1_mel.pt
data/preprocessed_data_test/p310/p310_350_mic1.flac,Or do they?,p310,data/train/speaker_embeddings/p310/p310_350_mic1_em.pt,data/train/mel_spectrograms/p310/p310_350_mic1_mel.pt
data/preprocessed_data_test/p311/p311_259_mic1.flac,How can this be?,p311,data/train/speaker_embeddings/p311/p311_259_mic1_em.pt,data/train/mel_spectrograms/p311/p311_259_mic1_mel.pt
data/preprocessed_data_test/p311/p311_251_mic1.flac,"Mentally, you have to be tough.",p311,data/train/speaker_embeddings/p311/p311_251_mic1_em.pt,data/train/mel_spectrograms/p311/p311_251_mic1_mel.pt
data/preprocessed_data_test/p311/p311_081_mic1.flac,You just have to adjust.,p311,data/train/speaker_embeddings/p311/p311_081_mic1_em.pt,data/train/mel_spectrograms/p311/p311_081_mic1_mel.pt
data/preprocessed_data_test/p312/p312_150_mic1.flac,"We still have a long, long way to go.",p312,data/train/speaker_embeddings/p312/p312_150_mic1_em.pt,data/train/mel_spectrograms/p312/p312_150_mic1_mel.pt
data/preprocessed_data_test/p312/p312_306_mic1.flac,You can't do one without the other.,p312,data/train/speaker_embeddings/p312/p312_306_mic1_em.pt,data/train/mel_spectrograms/p312/p312_306_mic1_mel.pt
data/preprocessed_data_test/p312/p312_233_mic1.flac,"And, also, when he does not have the ball.",p312,data/train/speaker_embeddings/p312/p312_233_mic1_em.pt,data/train/mel_spectrograms/p312/p312_233_mic1_mel.pt
data/preprocessed_data_test/p313/p313_185_mic1.flac,The United Nations must act.,p313,data/train/speaker_embeddings/p313/p313_185_mic1_em.pt,data/train/mel_spectrograms/p313/p313_185_mic1_mel.pt
data/preprocessed_data_test/p313/p313_322_mic1.flac,But will they fall in love?,p313,data/train/speaker_embeddings/p313/p313_322_mic1_em.pt,data/train/mel_spectrograms/p313/p313_322_mic1_mel.pt
data/preprocessed_data_test/p313/p313_372_mic1.flac,This was not a summit about the euro.,p313,data/train/speaker_embeddings/p313/p313_372_mic1_em.pt,data/train/mel_spectrograms/p313/p313_372_mic1_mel.pt
data/preprocessed_data_test/p314/p314_184_mic1.flac,There is no way to do this.,p314,data/train/speaker_embeddings/p314/p314_184_mic1_em.pt,data/train/mel_spectrograms/p314/p314_184_mic1_mel.pt
data/preprocessed_data_test/p314/p314_135_mic1.flac,Her advice for Glasgow is just be visionary.,p314,data/train/speaker_embeddings/p314/p314_135_mic1_em.pt,data/train/mel_spectrograms/p314/p314_135_mic1_mel.pt
data/preprocessed_data_test/p314/p314_146_mic1.flac,Now we look forward to it.,p314,data/train/speaker_embeddings/p314/p314_146_mic1_em.pt,data/train/mel_spectrograms/p314/p314_146_mic1_mel.pt
data/preprocessed_data_test/p316/p316_160_mic1.flac,It was like a dream to be here.,p316,data/train/speaker_embeddings/p316/p316_160_mic1_em.pt,data/train/mel_spectrograms/p316/p316_160_mic1_mel.pt
data/preprocessed_data_test/p316/p316_088_mic1.flac,I feel confident about the outcome.,p316,data/train/speaker_embeddings/p316/p316_088_mic1_em.pt,data/train/mel_spectrograms/p316/p316_088_mic1_mel.pt
data/preprocessed_data_test/p316/p316_094_mic1.flac,There are no problems between us at all.,p316,data/train/speaker_embeddings/p316/p316_094_mic1_em.pt,data/train/mel_spectrograms/p316/p316_094_mic1_mel.pt
data/preprocessed_data_test/p317/p317_386_mic1.flac,Bob Dylan is getting old.,p317,data/train/speaker_embeddings/p317/p317_386_mic1_em.pt,data/train/mel_spectrograms/p317/p317_386_mic1_mel.pt
data/preprocessed_data_test/p317/p317_132_mic1.flac,I think it is wide open.,p317,data/train/speaker_embeddings/p317/p317_132_mic1_em.pt,data/train/mel_spectrograms/p317/p317_132_mic1_mel.pt
data/preprocessed_data_test/p317/p317_211_mic1.flac,Our plans for Dunfermline have not changed.,p317,data/train/speaker_embeddings/p317/p317_211_mic1_em.pt,data/train/mel_spectrograms/p317/p317_211_mic1_mel.pt
data/preprocessed_data_test/p318/p318_256_mic1.flac,The reason is partly because of tradition.,p318,data/train/speaker_embeddings/p318/p318_256_mic1_em.pt,data/train/mel_spectrograms/p318/p318_256_mic1_mel.pt
data/preprocessed_data_test/p318/p318_121_mic1.flac,It was a journey into a new life.,p318,data/train/speaker_embeddings/p318/p318_121_mic1_em.pt,data/train/mel_spectrograms/p318/p318_121_mic1_mel.pt
data/preprocessed_data_test/p318/p318_299_mic1.flac,The incident is being taken seriously.,p318,data/train/speaker_embeddings/p318/p318_299_mic1_em.pt,data/train/mel_spectrograms/p318/p318_299_mic1_mel.pt
data/preprocessed_data_test/p323/p323_128_mic1.flac,"He probably would not have added, mainly by me.",p323,data/train/speaker_embeddings/p323/p323_128_mic1_em.pt,data/train/mel_spectrograms/p323/p323_128_mic1_mel.pt
data/preprocessed_data_test/p323/p323_098_mic1.flac,They are not suitable.,p323,data/train/speaker_embeddings/p323/p323_098_mic1_em.pt,data/train/mel_spectrograms/p323/p323_098_mic1_mel.pt
data/preprocessed_data_test/p323/p323_079_mic1.flac,The punishment was swift.,p323,data/train/speaker_embeddings/p323/p323_079_mic1_em.pt,data/train/mel_spectrograms/p323/p323_079_mic1_mel.pt
data/preprocessed_data_test/p326/p326_054_mic1.flac,His voice is strong.,p326,data/train/speaker_embeddings/p326/p326_054_mic1_em.pt,data/train/mel_spectrograms/p326/p326_054_mic1_mel.pt
data/preprocessed_data_test/p326/p326_295_mic1.flac,We won't let you down.,p326,data/train/speaker_embeddings/p326/p326_295_mic1_em.pt,data/train/mel_spectrograms/p326/p326_295_mic1_mel.pt
data/preprocessed_data_test/p326/p326_364_mic1.flac,"Well, it happened to me, so it's happening to him.",p326,data/train/speaker_embeddings/p326/p326_364_mic1_em.pt,data/train/mel_spectrograms/p326/p326_364_mic1_mel.pt
data/preprocessed_data_test/p329/p329_223_mic1.flac,I'm really happy with the way it went.,p329,data/train/speaker_embeddings/p329/p329_223_mic1_em.pt,data/train/mel_spectrograms/p329/p329_223_mic1_mel.pt
data/preprocessed_data_test/p329/p329_019_mic1.flac,"Since then physicists have found that it is not reflection, but refraction by the raindrops which causes the rainbows.",p329,data/train/speaker_embeddings/p329/p329_019_mic1_em.pt,data/train/mel_spectrograms/p329/p329_019_mic1_mel.pt
data/preprocessed_data_test/p329/p329_333_mic1.flac,"Overall, though, it has been a pretty good week.",p329,data/train/speaker_embeddings/p329/p329_333_mic1_em.pt,data/train/mel_spectrograms/p329/p329_333_mic1_mel.pt
data/preprocessed_data_test/p330/p330_419_mic1.flac,This is about the Orange Order.,p330,data/train/speaker_embeddings/p330/p330_419_mic1_em.pt,data/train/mel_spectrograms/p330/p330_419_mic1_mel.pt
data/preprocessed_data_test/p330/p330_393_mic1.flac,"Meantime, his appointment has been widely welcomed.",p330,data/train/speaker_embeddings/p330/p330_393_mic1_em.pt,data/train/mel_spectrograms/p330/p330_393_mic1_mel.pt
data/preprocessed_data_test/p330/p330_094_mic1.flac,He needed seven hours of surgery.,p330,data/train/speaker_embeddings/p330/p330_094_mic1_em.pt,data/train/mel_spectrograms/p330/p330_094_mic1_mel.pt
data/preprocessed_data_test/p333/p333_048_mic1.flac,"Peter, of course, refuses to conform.",p333,data/train/speaker_embeddings/p333/p333_048_mic1_em.pt,data/train/mel_spectrograms/p333/p333_048_mic1_mel.pt
data/preprocessed_data_test/p333/p333_201_mic1.flac,Domestic Disturbance is currently on general release.,p333,data/train/speaker_embeddings/p333/p333_201_mic1_em.pt,data/train/mel_spectrograms/p333/p333_201_mic1_mel.pt
data/preprocessed_data_test/p333/p333_374_mic1.flac,I'm just looking to take my chances.,p333,data/train/speaker_embeddings/p333/p333_374_mic1_em.pt,data/train/mel_spectrograms/p333/p333_374_mic1_mel.pt
data/preprocessed_data_test/p334/p334_265_mic1.flac,It felt like my support system was leaving.,p334,data/train/speaker_embeddings/p334/p334_265_mic1_em.pt,data/train/mel_spectrograms/p334/p334_265_mic1_mel.pt
data/preprocessed_data_test/p334/p334_106_mic1.flac,"Everything happened so quickly, that we were taken by surprise.",p334,data/train/speaker_embeddings/p334/p334_106_mic1_em.pt,data/train/mel_spectrograms/p334/p334_106_mic1_mel.pt
data/preprocessed_data_test/p334/p334_217_mic1.flac,That period was a struggle.,p334,data/train/speaker_embeddings/p334/p334_217_mic1_em.pt,data/train/mel_spectrograms/p334/p334_217_mic1_mel.pt
data/preprocessed_data_test/p335/p335_159_mic1.flac,He realises he has hit a glass ceiling.,p335,data/train/speaker_embeddings/p335/p335_159_mic1_em.pt,data/train/mel_spectrograms/p335/p335_159_mic1_mel.pt
data/preprocessed_data_test/p335/p335_314_mic1.flac,"This time, for Rangers, it is certainly the latter.",p335,data/train/speaker_embeddings/p335/p335_314_mic1_em.pt,data/train/mel_spectrograms/p335/p335_314_mic1_mel.pt
data/preprocessed_data_test/p335/p335_245_mic1.flac,A friendship that will endure.,p335,data/train/speaker_embeddings/p335/p335_245_mic1_em.pt,data/train/mel_spectrograms/p335/p335_245_mic1_mel.pt
data/preprocessed_data_test/p336/p336_139_mic1.flac,He is that good.,p336,data/train/speaker_embeddings/p336/p336_139_mic1_em.pt,data/train/mel_spectrograms/p336/p336_139_mic1_mel.pt
data/preprocessed_data_test/p336/p336_320_mic1.flac,"Yes, it was uplifting.",p336,data/train/speaker_embeddings/p336/p336_320_mic1_em.pt,data/train/mel_spectrograms/p336/p336_320_mic1_mel.pt
data/preprocessed_data_test/p336/p336_418_mic1.flac,It is my decision and my decision alone.,p336,data/train/speaker_embeddings/p336/p336_418_mic1_em.pt,data/train/mel_spectrograms/p336/p336_418_mic1_mel.pt
data/preprocessed_data_test/p339/p339_209_mic1.flac,Everything in the symphony is there.,p339,data/train/speaker_embeddings/p339/p339_209_mic1_em.pt,data/train/mel_spectrograms/p339/p339_209_mic1_mel.pt
data/preprocessed_data_test/p339/p339_259_mic1.flac,The memory is there.,p339,data/train/speaker_embeddings/p339/p339_259_mic1_em.pt,data/train/mel_spectrograms/p339/p339_259_mic1_mel.pt
data/preprocessed_data_test/p339/p339_379_mic1.flac,It decided to blame the media.,p339,data/train/speaker_embeddings/p339/p339_379_mic1_em.pt,data/train/mel_spectrograms/p339/p339_379_mic1_mel.pt
data/preprocessed_data_test/p340/p340_320_mic1.flac,The last few weeks have been really bad.,p340,data/train/speaker_embeddings/p340/p340_320_mic1_em.pt,data/train/mel_spectrograms/p340/p340_320_mic1_mel.pt
data/preprocessed_data_test/p340/p340_153_mic1.flac,It really is tremendous.,p340,data/train/speaker_embeddings/p340/p340_153_mic1_em.pt,data/train/mel_spectrograms/p340/p340_153_mic1_mel.pt
data/preprocessed_data_test/p340/p340_082_mic1.flac,It is time to be realistic.,p340,data/train/speaker_embeddings/p340/p340_082_mic1_em.pt,data/train/mel_spectrograms/p340/p340_082_mic1_mel.pt
data/preprocessed_data_test/p341/p341_381_mic1.flac,They have learned from that.,p341,data/train/speaker_embeddings/p341/p341_381_mic1_em.pt,data/train/mel_spectrograms/p341/p341_381_mic1_mel.pt
data/preprocessed_data_test/p341/p341_119_mic1.flac,"He's delighted, too, with the new premises.",p341,data/train/speaker_embeddings/p341/p341_119_mic1_em.pt,data/train/mel_spectrograms/p341/p341_119_mic1_mel.pt
data/preprocessed_data_test/p341/p341_183_mic1.flac,She is a very lucky lady.,p341,data/train/speaker_embeddings/p341/p341_183_mic1_em.pt,data/train/mel_spectrograms/p341/p341_183_mic1_mel.pt
data/preprocessed_data_test/p343/p343_122_mic1.flac,Why is that?,p343,data/train/speaker_embeddings/p343/p343_122_mic1_em.pt,data/train/mel_spectrograms/p343/p343_122_mic1_mel.pt
data/preprocessed_data_test/p343/p343_031_mic1.flac,Survival is our aim.,p343,data/train/speaker_embeddings/p343/p343_031_mic1_em.pt,data/train/mel_spectrograms/p343/p343_031_mic1_mel.pt
data/preprocessed_data_test/p343/p343_277_mic1.flac,I just need a bit of luck.,p343,data/train/speaker_embeddings/p343/p343_277_mic1_em.pt,data/train/mel_spectrograms/p343/p343_277_mic1_mel.pt
data/preprocessed_data_test/p345/p345_217_mic1.flac,It's a human tragedy.,p345,data/train/speaker_embeddings/p345/p345_217_mic1_em.pt,data/train/mel_spectrograms/p345/p345_217_mic1_mel.pt
data/preprocessed_data_test/p345/p345_033_mic1.flac,It's a lot of pressure on me.,p345,data/train/speaker_embeddings/p345/p345_033_mic1_em.pt,data/train/mel_spectrograms/p345/p345_033_mic1_mel.pt
data/preprocessed_data_test/p345/p345_343_mic1.flac,No one would believe him.,p345,data/train/speaker_embeddings/p345/p345_343_mic1_em.pt,data/train/mel_spectrograms/p345/p345_343_mic1_mel.pt
data/preprocessed_data_test/p347/p347_411_mic1.flac,"This is a one-year deal, but who knows?",p347,data/train/speaker_embeddings/p347/p347_411_mic1_em.pt,data/train/mel_spectrograms/p347/p347_411_mic1_mel.pt
data/preprocessed_data_test/p347/p347_387_mic1.flac,We used to keep our business rates.,p347,data/train/speaker_embeddings/p347/p347_387_mic1_em.pt,data/train/mel_spectrograms/p347/p347_387_mic1_mel.pt
data/preprocessed_data_test/p347/p347_416_mic1.flac,"However, there are signs of dissent among his colleagues.",p347,data/train/speaker_embeddings/p347/p347_416_mic1_em.pt,data/train/mel_spectrograms/p347/p347_416_mic1_mel.pt
data/preprocessed_data_test/p351/p351_301_mic1.flac,It was an ongoing exercise.,p351,data/train/speaker_embeddings/p351/p351_301_mic1_em.pt,data/train/mel_spectrograms/p351/p351_301_mic1_mel.pt
data/preprocessed_data_test/p351/p351_289_mic1.flac,I feel it is very irrational.,p351,data/train/speaker_embeddings/p351/p351_289_mic1_em.pt,data/train/mel_spectrograms/p351/p351_289_mic1_mel.pt
data/preprocessed_data_test/p351/p351_334_mic1.flac,He will go a long way.,p351,data/train/speaker_embeddings/p351/p351_334_mic1_em.pt,data/train/mel_spectrograms/p351/p351_334_mic1_mel.pt
data/preprocessed_data_test/p360/p360_355_mic1.flac,Lots of them haven't recovered that far.,p360,data/train/speaker_embeddings/p360/p360_355_mic1_em.pt,data/train/mel_spectrograms/p360/p360_355_mic1_mel.pt
data/preprocessed_data_test/p360/p360_135_mic1.flac,I am ready for that.,p360,data/train/speaker_embeddings/p360/p360_135_mic1_em.pt,data/train/mel_spectrograms/p360/p360_135_mic1_mel.pt
data/preprocessed_data_test/p360/p360_350_mic1.flac,I suppose it is quite exciting really.,p360,data/train/speaker_embeddings/p360/p360_350_mic1_em.pt,data/train/mel_spectrograms/p360/p360_350_mic1_mel.pt
data/preprocessed_data_test/p361/p361_285_mic1.flac,And he did that.,p361,data/train/speaker_embeddings/p361/p361_285_mic1_em.pt,data/train/mel_spectrograms/p361/p361_285_mic1_mel.pt
data/preprocessed_data_test/p361/p361_254_mic1.flac,It came in bits and pieces.,p361,data/train/speaker_embeddings/p361/p361_254_mic1_em.pt,data/train/mel_spectrograms/p361/p361_254_mic1_mel.pt
data/preprocessed_data_test/p361/p361_387_mic1.flac,We have been going for three years.,p361,data/train/speaker_embeddings/p361/p361_387_mic1_em.pt,data/train/mel_spectrograms/p361/p361_387_mic1_mel.pt
data/preprocessed_data_test/p362/p362_114_mic1.flac,He had returned to die.,p362,data/train/speaker_embeddings/p362/p362_114_mic1_em.pt,data/train/mel_spectrograms/p362/p362_114_mic1_mel.pt
data/preprocessed_data_test/p362/p362_125_mic1.flac,Both are national treasures.,p362,data/train/speaker_embeddings/p362/p362_125_mic1_em.pt,data/train/mel_spectrograms/p362/p362_125_mic1_mel.pt
data/preprocessed_data_test/p362/p362_286_mic1.flac,He will not be coming back.,p362,data/train/speaker_embeddings/p362/p362_286_mic1_em.pt,data/train/mel_spectrograms/p362/p362_286_mic1_mel.pt
data/preprocessed_data_test/p363/p363_147_mic1.flac,I doubt it would be genuine.,p363,data/train/speaker_embeddings/p363/p363_147_mic1_em.pt,data/train/mel_spectrograms/p363/p363_147_mic1_mel.pt
data/preprocessed_data_test/p363/p363_341_mic1.flac,"I don't know, really.",p363,data/train/speaker_embeddings/p363/p363_341_mic1_em.pt,data/train/mel_spectrograms/p363/p363_341_mic1_mel.pt
data/preprocessed_data_test/p363/p363_056_mic1.flac,The defender should have won the bloody ba.,p363,data/train/speaker_embeddings/p363/p363_056_mic1_em.pt,data/train/mel_spectrograms/p363/p363_056_mic1_mel.pt
data/preprocessed_data_test/p364/p364_018_mic1.flac,Aristotle thought that the rainbow was caused by reflection of the sun's rays by the rain.,p364,data/train/speaker_embeddings/p364/p364_018_mic1_em.pt,data/train/mel_spectrograms/p364/p364_018_mic1_mel.pt
data/preprocessed_data_test/p364/p364_155_mic1.flac,It has paid off.,p364,data/train/speaker_embeddings/p364/p364_155_mic1_em.pt,data/train/mel_spectrograms/p364/p364_155_mic1_mel.pt
data/preprocessed_data_test/p364/p364_147_mic1.flac,I would say so.,p364,data/train/speaker_embeddings/p364/p364_147_mic1_em.pt,data/train/mel_spectrograms/p364/p364_147_mic1_mel.pt
data/preprocessed_data_test/p374/p374_195_mic1.flac,The stadium was full.,p374,data/train/speaker_embeddings/p374/p374_195_mic1_em.pt,data/train/mel_spectrograms/p374/p374_195_mic1_mel.pt
data/preprocessed_data_test/p374/p374_285_mic1.flac,Later we discovered it was a hoax.,p374,data/train/speaker_embeddings/p374/p374_285_mic1_em.pt,data/train/mel_spectrograms/p374/p374_285_mic1_mel.pt
data/preprocessed_data_test/p374/p374_313_mic1.flac,We are satisfied with this outcome.,p374,data/train/speaker_embeddings/p374/p374_313_mic1_em.pt,data/train/mel_spectrograms/p374/p374_313_mic1_mel.pt
data/preprocessed_data_test/p376/p376_107_mic1.flac,"After that, it's never the same again.",p376,data/train/speaker_embeddings/p376/p376_107_mic1_em.pt,data/train/mel_spectrograms/p376/p376_107_mic1_mel.pt
data/preprocessed_data_test/p376/p376_232_mic1.flac,I have never done that.,p376,data/train/speaker_embeddings/p376/p376_232_mic1_em.pt,data/train/mel_spectrograms/p376/p376_232_mic1_mel.pt
data/preprocessed_data_test/p376/p376_256_mic1.flac,"That, he claimed, was essential.",p376,data/train/speaker_embeddings/p376/p376_256_mic1_em.pt,data/train/mel_spectrograms/p376/p376_256_mic1_mel.pt
data/preprocessed_data_test/s5/s5_330_mic1.flac,Do you think we are a top nation?,s5,data/train/speaker_embeddings/s5/s5_330_mic1_em.pt,data/train/mel_spectrograms/s5/s5_330_mic1_mel.pt
data/preprocessed_data_test/s5/s5_233_mic1.flac,I know that you have a love of Scotland.,s5,data/train/speaker_embeddings/s5/s5_233_mic1_em.pt,data/train/mel_spectrograms/s5/s5_233_mic1_mel.pt
data/preprocessed_data_test/s5/s5_382_mic1.flac,Jones said she was there to show my complete support for my husband.,s5,data/train/speaker_embeddings/s5/s5_382_mic1_em.pt,data/train/mel_spectrograms/s5/s5_382_mic1_mel.pt
